,im1,im2
0,100-Class/0001a_num1.png,100-Class/0001a_num2.png
1,100-Class/0001a_num1.png,100-Class/0002a_num2.png
2,100-Class/0001a_num1.png,100-Class/0005a_num1.png
3,100-Class/0001a_num1.png,100-Class/0006a_num2.png
4,100-Class/0001a_num1.png,100-Class/0008a_num2.png
5,100-Class/0001a_num1.png,100-Class/0009a_num2.png
6,100-Class/0001a_num1.png,100-Class/0012a_num2.png
7,100-Class/0001a_num1.png,100-Class/0014aa_num2.png
8,100-Class/0001a_num1.png,100-Class/0015a_num2.png
9,100-Class/0001a_num1.png,100-Class/0017a_num2.png
10,100-Class/0001a_num1.png,100-Class/0019aa_num2.png
11,100-Class/0001a_num1.png,100-Class/0020a_num2.png
12,100-Class/0001a_num1.png,100-Class/0021a_num2.png
13,100-Class/0001a_num1.png,100-Class/0022b_num1.png
14,100-Class/0001a_num1.png,100-Class/0023a_num2.png
15,100-Class/0001a_num1.png,100-Class/0025a_num2.png
16,100-Class/0001a_num1.png,100-Class/0028a_num2.png
17,100-Class/0001a_num1.png,100-Class/0030a_num2.png
18,100-Class/0001a_num1.png,100-Class/0031a_num1.png
19,100-Class/0001a_num1.png,100-Class/0034a_num2.png
20,100-Class/0001a_num1.png,100-Class/0035a_num2.png
21,100-Class/0001a_num1.png,100-Class/0037b_num1.png
22,100-Class/0001a_num1.png,100-Class/0039a_num2.png
23,100-Class/0001a_num1.png,100-Class/0041a_num2.png
24,100-Class/0001a_num1.png,100-Class/0042a_num1.png
25,100-Class/0001a_num1.png,100-Class/0046a_num2.png
26,100-Class/0001a_num1.png,100-Class/0047a_num2.png
27,100-Class/0001a_num1.png,100-Class/0048a_num2.png
28,100-Class/0001a_num1.png,100-Class/0049a_num2.png
29,100-Class/0001a_num1.png,100-Class/0050a_num2.png
30,100-Class/0001a_num1.png,100-Class/0052a_num2.png
31,100-Class/0001a_num1.png,100-Class/0053a_num2.png
32,100-Class/0001a_num1.png,100-Class/0055a_num2.png
33,100-Class/0001a_num1.png,100-Class/0058a_num1.png
34,100-Class/0001a_num1.png,100-Class/0059a_num2.png
35,100-Class/0001a_num1.png,100-Class/0060a_num2.png
36,100-Class/0001a_num1.png,100-Class/0062a_num2.png
37,100-Class/0001a_num1.png,100-Class/0064a_num2.png
38,100-Class/0001a_num1.png,100-Class/0066a_num2.png
39,100-Class/0001a_num1.png,100-Class/0067a_num3.png
40,100-Class/0001a_num1.png,100-Class/0068a_num2.png
41,100-Class/0001a_num1.png,100-Class/0069a_num2.png
42,100-Class/0001a_num1.png,100-Class/0070a_num2.png
43,100-Class/0001a_num1.png,100-Class/0071aa_num2.png
44,100-Class/0001a_num1.png,100-Class/0072a_num2.png
45,100-Class/0001a_num1.png,100-Class/0074a_num2.png
46,100-Class/0001a_num1.png,100-Class/0076a_num2.png
47,100-Class/0001a_num1.png,100-Class/0077a_num2.png
48,100-Class/0001a_num1.png,100-Class/0080a_num2.png
49,100-Class/0001a_num1.png,100-Class/0082a_num2.png
